[
  {
    "line": 1,
    "elements": [
      {
        "line": 14,
        "name": "calculator mul and div",
        "description": "",
        "id": "develop-a-calculator;calculator-mul-and-div;;2",
        "type": "scenario",
        "keyword": "Scenario Outline",
        "steps": [
          {
            "result": {
              "duration": 2330675,
              "status": "passed"
            },
            "line": 7,
            "name": "open a calucltor and give 3 and 3 as input",
            "match": {
              "arguments": [
                {
                  "val": "3",
                  "offset": 26
                },
                {
                  "val": "3",
                  "offset": 32
                }
              ],
              "location": "CaculatorStepDef.open_a_calucltor_and_give_and_as_input(Integer,Integer)"
            },
            "keyword": "Given "
          },
          {
            "result": {
              "duration": 966054,
              "status": "passed"
            },
            "line": 8,
            "name": "something with \u0027mul\u0027",
            "match": {
              "arguments": [
                {
                  "val": "\u0027mul\u0027",
                  "offset": 15
                }
              ],
              "location": "CaculatorStepDef.something_with(String)"
            },
            "keyword": "When "
          },
          {
            "result": {
              "error_message": "java.lang.AssertionError\r\n\tat org.junit.Assert.fail(Assert.java:86)\r\n\tat org.junit.Assert.assertTrue(Assert.java:41)\r\n\tat org.junit.Assert.assertTrue(Assert.java:52)\r\n\tat com.bdd.specs.CaculatorStepDef.check_is_the_output(CaculatorStepDef.java:40)\r\n\tat ✽.check 9 is the output(calc/Caculator.feature:9)\r\n",
              "duration": 4231138,
              "status": "failed"
            },
            "line": 9,
            "name": "check 9 is the output",
            "match": {
              "arguments": [
                {
                  "val": "9",
                  "offset": 6
                }
              ],
              "location": "CaculatorStepDef.check_is_the_output(Integer)"
            },
            "keyword": "Then "
          }
        ]
      },
      {
        "line": 15,
        "name": "calculator mul and div",
        "description": "",
        "id": "develop-a-calculator;calculator-mul-and-div;;3",
        "type": "scenario",
        "keyword": "Scenario Outline",
        "steps": [
          {
            "result": {
              "duration": 1168759,
              "status": "passed"
            },
            "line": 7,
            "name": "open a calucltor and give 3 and -3 as input",
            "match": {
              "arguments": [
                {
                  "val": "3",
                  "offset": 26
                },
                {
                  "val": "-3",
                  "offset": 32
                }
              ],
              "location": "CaculatorStepDef.open_a_calucltor_and_give_and_as_input(Integer,Integer)"
            },
            "keyword": "Given "
          },
          {
            "result": {
              "duration": 1288500,
              "status": "passed"
            },
            "line": 8,
            "name": "something with \u0027mul\u0027",
            "match": {
              "arguments": [
                {
                  "val": "\u0027mul\u0027",
                  "offset": 15
                }
              ],
              "location": "CaculatorStepDef.something_with(String)"
            },
            "keyword": "When "
          },
          {
            "result": {
              "error_message": "java.lang.AssertionError\r\n\tat org.junit.Assert.fail(Assert.java:86)\r\n\tat org.junit.Assert.assertTrue(Assert.java:41)\r\n\tat org.junit.Assert.assertTrue(Assert.java:52)\r\n\tat com.bdd.specs.CaculatorStepDef.check_is_the_output(CaculatorStepDef.java:40)\r\n\tat ✽.check -9 is the output(calc/Caculator.feature:9)\r\n",
              "duration": 1105467,
              "status": "failed"
            },
            "line": 9,
            "name": "check -9 is the output",
            "match": {
              "arguments": [
                {
                  "val": "-9",
                  "offset": 6
                }
              ],
              "location": "CaculatorStepDef.check_is_the_output(Integer)"
            },
            "keyword": "Then "
          }
        ]
      },
      {
        "line": 16,
        "name": "calculator mul and div",
        "description": "",
        "id": "develop-a-calculator;calculator-mul-and-div;;4",
        "type": "scenario",
        "keyword": "Scenario Outline",
        "steps": [
          {
            "result": {
              "duration": 877532,
              "status": "passed"
            },
            "line": 7,
            "name": "open a calucltor and give 6 and 3 as input",
            "match": {
              "arguments": [
                {
                  "val": "6",
                  "offset": 26
                },
                {
                  "val": "3",
                  "offset": 32
                }
              ],
              "location": "CaculatorStepDef.open_a_calucltor_and_give_and_as_input(Integer,Integer)"
            },
            "keyword": "Given "
          },
          {
            "result": {
              "duration": 865985,
              "status": "passed"
            },
            "line": 8,
            "name": "something with \u0027div\u0027",
            "match": {
              "arguments": [
                {
                  "val": "\u0027div\u0027",
                  "offset": 15
                }
              ],
              "location": "CaculatorStepDef.something_with(String)"
            },
            "keyword": "When "
          },
          {
            "result": {
              "duration": 911316,
              "status": "passed"
            },
            "line": 9,
            "name": "check 2 is the output",
            "match": {
              "arguments": [
                {
                  "val": "2",
                  "offset": 6
                }
              ],
              "location": "CaculatorStepDef.check_is_the_output(Integer)"
            },
            "keyword": "Then "
          }
        ]
      },
      {
        "line": 17,
        "name": "calculator mul and div",
        "description": "",
        "id": "develop-a-calculator;calculator-mul-and-div;;5",
        "type": "scenario",
        "keyword": "Scenario Outline",
        "steps": [
          {
            "result": {
              "duration": 1072111,
              "status": "passed"
            },
            "line": 7,
            "name": "open a calucltor and give 12 and 3 as input",
            "match": {
              "arguments": [
                {
                  "val": "12",
                  "offset": 26
                },
                {
                  "val": "3",
                  "offset": 33
                }
              ],
              "location": "CaculatorStepDef.open_a_calucltor_and_give_and_as_input(Integer,Integer)"
            },
            "keyword": "Given "
          },
          {
            "result": {
              "duration": 1054577,
              "status": "passed"
            },
            "line": 8,
            "name": "something with \u0027div\u0027",
            "match": {
              "arguments": [
                {
                  "val": "\u0027div\u0027",
                  "offset": 15
                }
              ],
              "location": "CaculatorStepDef.something_with(String)"
            },
            "keyword": "When "
          },
          {
            "result": {
              "duration": 964771,
              "status": "passed"
            },
            "line": 9,
            "name": "check 4 is the output",
            "match": {
              "arguments": [
                {
                  "val": "4",
                  "offset": 6
                }
              ],
              "location": "CaculatorStepDef.check_is_the_output(Integer)"
            },
            "keyword": "Then "
          }
        ]
      }
    ],
    "name": "develop a calculator",
    "description": "\twith mul,div methods",
    "id": "develop-a-calculator",
    "keyword": "Feature",
    "uri": "calc/Caculator.feature",
    "tags": []
  }
]